City_ID,City,Country,Date,Lat,Lng,Max Temp,Humidity,Cloudiness,Wind Speed
0,Busselton,AU,2022-03-23 20:34:14,-33.65,115.3333,55.33,82,0,12.37
1,Ambon,ID,2022-03-23 20:34:14,-3.6954,128.1814,79.36,81,100,12.73
2,Nipawin,CA,2022-03-23 20:34:15,53.3668,-104.0009,37.44,75,0,6.91
3,Saldanha,ZA,2022-03-23 20:34:15,-33.0117,17.9442,68.05,88,31,18.61
4,Albany,US,2022-03-23 20:30:35,42.6001,-73.9662,46.02,39,100,1.99
5,Colares,PT,2022-03-23 20:34:16,38.7992,-9.4469,57.33,81,40,17.0
6,Lasa,IT,2022-03-23 20:34:16,46.6166,10.7002,45.48,63,1,0.51
7,Iqaluit,CA,2022-03-23 20:34:17,63.7506,-68.5145,2.93,78,100,3.44
8,Bambanglipuro,ID,2022-03-23 20:34:17,-7.95,110.2833,76.6,91,100,1.28
9,Paragominas,BR,2022-03-23 20:34:18,-2.9667,-47.4833,77.09,94,98,1.9
10,Arman,RU,2022-03-23 20:34:18,59.7,150.1667,4.6,83,24,6.76
11,Jamestown,US,2022-03-23 20:31:18,42.097,-79.2353,46.02,66,100,11.5
12,Galle,LK,2022-03-23 20:34:19,6.0367,80.217,79.95,78,37,7.54
13,Ancud,CL,2022-03-23 20:34:19,-41.8697,-73.8203,54.23,59,44,12.57
14,Santo Antonio Do Ica,BR,2022-03-23 20:34:20,-3.1022,-67.9397,79.2,90,89,3.09
15,Yenagoa,NG,2022-03-23 20:34:20,4.9247,6.2642,80.31,84,99,4.5
16,Tuktoyaktuk,CA,2022-03-23 20:34:21,69.4541,-133.0374,-14.8,70,40,20.71
17,Norman Wells,CA,2022-03-23 20:34:21,65.282,-126.8329,1.44,66,20,11.5
18,Atuona,PF,2022-03-23 20:34:21,-9.8,-139.0333,79.09,81,96,16.8
19,Punta Arenas,CL,2022-03-23 20:32:18,-53.15,-70.9167,50.11,40,0,12.66
20,Soria,ES,2022-03-23 20:34:22,41.6667,-2.6667,39.11,97,100,11.39
21,Kapaa,US,2022-03-23 20:34:23,22.0752,-159.319,77.32,78,75,16.11
22,Codrington,AU,2022-03-23 20:34:23,-38.2667,141.9667,58.64,60,100,5.95
23,Urumqi,CN,2022-03-23 20:34:23,43.801,87.6005,27.55,93,100,6.71
24,Menongue,AO,2022-03-23 20:34:24,-14.6585,17.691,62.42,97,91,4.0
25,Port Hedland,AU,2022-03-23 20:34:24,-20.3167,118.5667,86.05,89,100,11.5
26,Huarmey,PE,2022-03-23 20:34:25,-10.0681,-78.1522,74.5,74,33,11.79
27,Bredasdorp,ZA,2022-03-23 20:34:25,-34.5322,20.0403,69.26,77,84,4.14
28,Nome,US,2022-03-23 20:34:25,64.5011,-165.4064,17.67,49,0,16.11
29,Cuamba,MZ,2022-03-23 20:34:26,-14.8031,36.5372,67.6,97,2,2.64
30,Victoria Point,AU,2022-03-23 20:34:26,-27.5833,153.3,72.1,95,100,1.01
31,Luis Correia,BR,2022-03-23 20:34:27,-2.8792,-41.6669,82.4,78,40,5.75
32,Saint-Jean-Port-Joli,CA,2022-03-23 20:34:27,47.2171,-70.2658,37.0,81,84,8.97
33,Namatanai,PG,2022-03-23 20:34:28,-3.6667,152.4333,80.17,81,100,5.61
34,Hammerfest,NO,2022-03-23 20:34:28,70.6634,23.6821,27.05,80,40,16.11
35,Christchurch,NZ,2022-03-23 20:30:35,-43.5333,172.6333,63.0,90,100,11.5
36,Vardo,NO,2022-03-23 20:34:29,70.3705,31.1107,28.38,74,75,10.36
37,Ushuaia,AR,2022-03-23 20:34:29,-54.8,-68.3,47.86,49,75,17.27
38,Puerto Ayora,EC,2022-03-23 20:31:16,-0.7393,-90.3518,85.96,87,79,8.01
39,Ponta Do Sol,PT,2022-03-23 20:34:30,32.6667,-17.1,62.06,66,28,11.54
40,Isangel,VU,2022-03-23 20:34:30,-19.55,169.2667,79.27,85,100,4.03
41,Lebu,CL,2022-03-23 20:34:30,-37.6167,-73.65,57.99,59,6,14.29
42,Rikitea,PF,2022-03-23 20:34:31,-23.1203,-134.9692,80.2,69,47,15.26
43,Mahebourg,MU,2022-03-23 20:34:31,-20.4081,57.7,80.89,83,75,9.22
44,Moree,AU,2022-03-23 20:34:32,-29.4667,149.85,71.62,68,47,11.5
45,Paso Blanco,PA,2022-03-23 20:34:32,9.1333,-79.2333,95.61,49,40,8.05
46,Maamba,ZM,2022-03-23 20:34:32,-17.3667,27.15,67.39,85,7,3.76
47,Ixtapa,MX,2022-03-23 20:32:27,20.7,-105.2,78.03,41,0,10.36
48,Quelimane,MZ,2022-03-23 20:35:33,-17.8786,36.8883,78.75,83,20,3.44
49,Hobart,AU,2022-03-23 20:35:33,-42.8794,147.3294,57.22,75,40,11.5
50,Avarua,CK,2022-03-23 20:35:34,-21.2078,-159.775,84.25,74,75,11.5
51,Labuhan,ID,2022-03-23 20:35:34,-6.8844,112.2051,78.94,86,100,5.44
52,Kaitangata,NZ,2022-03-23 20:35:35,-46.2817,169.8464,56.23,81,100,11.74
53,Tura,IN,2022-03-23 20:35:35,25.5198,90.2201,71.44,53,9,3.8
54,Bethel,US,2022-03-23 20:32:25,41.3712,-73.414,47.64,46,100,6.91
55,Mataura,NZ,2022-03-23 20:35:36,-46.1927,168.8643,51.87,97,100,6.76
56,Bonoua,CI,2022-03-23 20:35:36,5.2741,-3.595,82.02,86,49,4.12
57,Fortuna Foothills,US,2022-03-23 20:35:37,32.6578,-114.4119,82.69,7,0,10.36
58,Nanortalik,GL,2022-03-23 20:35:37,60.1432,-45.2371,27.43,78,100,2.89
59,Lagoa,PT,2022-03-23 20:35:37,39.05,-27.9833,60.4,67,100,9.01
60,Antalaha,MG,2022-03-23 20:35:38,-14.9003,50.2788,75.81,91,24,6.04
61,Katobu,ID,2022-03-23 20:35:38,-4.9408,122.5276,74.23,95,83,2.26
62,Whitianga,NZ,2022-03-23 20:35:39,-36.8333,175.7,66.72,84,83,14.88
63,Lalmohan,BD,2022-03-23 20:35:39,22.3384,90.7419,78.75,86,14,11.1
64,Beira,MZ,2022-03-23 20:35:39,-19.8436,34.8389,77.09,88,20,5.75
65,Valle De Allende,MX,2022-03-23 20:35:40,26.9333,-105.4,60.58,20,0,17.76
66,Natal,BR,2022-03-23 20:31:12,-5.795,-35.2094,84.85,74,20,14.97
67,Tasiilaq,GL,2022-03-23 20:35:40,65.6145,-37.6368,12.36,85,100,5.17
68,Barrow,US,2022-03-23 20:35:41,71.2906,-156.7887,-11.18,77,0,16.11
69,Pangnirtung,CA,2022-03-23 20:35:41,66.1451,-65.7125,-4.0,77,100,3.44
70,Fallon,US,2022-03-23 20:30:50,39.4735,-118.7774,68.45,28,0,0.0
71,Santiago Del Estero,AR,2022-03-23 20:31:30,-27.7951,-64.2615,84.7,57,65,7.29
72,Constitucion,CL,2022-03-23 20:35:42,-35.3333,-72.4167,59.86,57,11,15.84
73,Beringovskiy,RU,2022-03-23 20:35:42,63.05,179.3167,14.85,93,100,3.4
74,Hermanus,ZA,2022-03-23 20:35:43,-34.4187,19.2345,68.81,85,99,6.55
75,Jackson,US,2022-03-23 20:35:43,42.4165,-122.8345,73.15,51,0,4.0
76,Roma,US,2022-03-23 20:35:44,43.2128,-75.4557,47.08,40,100,12.66
77,Olching,DE,2022-03-23 20:35:44,48.2,11.3333,52.02,47,0,3.44
78,Gari,RU,2022-03-23 20:35:44,59.4307,62.3497,29.89,80,78,20.89
79,Port Alfred,ZA,2022-03-23 20:35:35,-33.5906,26.891,73.51,75,100,8.97
80,Kismayo,SO,2022-03-23 20:35:45,-0.3582,42.5454,80.51,89,69,15.14
81,Matara,LK,2022-03-23 20:35:45,5.9485,80.5353,77.2,85,11,6.42
82,Kautokeino,NO,2022-03-23 20:35:46,69.0125,23.0412,22.77,94,100,12.55
83,Zhuhai,CN,2022-03-23 20:35:46,22.2769,113.5678,62.31,94,75,11.5
84,Provideniya,RU,2022-03-23 20:35:47,64.3833,-173.3,14.36,67,0,8.99
85,Husavik,IS,2022-03-23 20:35:47,66.0449,-17.3389,34.32,86,94,10.29
86,Dikson,RU,2022-03-23 20:33:08,73.5069,80.5464,2.66,95,100,7.67
87,Vaini,TO,2022-03-23 20:35:48,-21.2,-175.2,77.16,100,97,6.91
88,Vestmannaeyjar,IS,2022-03-23 20:35:48,63.4427,-20.2734,43.63,91,100,26.69
89,Hamilton,US,2022-03-23 20:33:50,39.1834,-84.5333,70.88,56,75,24.16
90,Khatanga,RU,2022-03-23 20:35:49,71.9667,102.5,3.65,97,100,5.03
91,Alta Floresta,BR,2022-03-23 20:35:49,-9.8756,-56.0861,78.62,83,40,2.3
92,San Patricio,US,2022-03-23 20:35:50,28.017,-97.5169,75.29,21,0,6.96
93,Biak,ID,2022-03-23 20:35:50,-0.9131,122.8766,73.15,82,100,1.32
94,Bluff,NZ,2022-03-23 20:35:50,-46.6,168.3333,57.76,70,100,30.58
95,Iskateley,RU,2022-03-23 20:35:51,67.6803,53.1512,15.24,88,88,14.27
96,Lohardaga,IN,2022-03-23 20:36:51,23.4333,84.6833,71.35,12,17,4.5
97,Faanui,PF,2022-03-23 20:36:52,-16.4833,-151.75,80.71,73,99,9.57
98,Camacupa,AO,2022-03-23 20:36:52,-12.0167,17.4833,62.82,97,100,2.13
99,Polonnaruwa,LK,2022-03-23 20:36:52,7.9333,81.0,74.95,92,73,5.35
100,Zyryanovsk,KZ,2022-03-23 20:36:53,49.7386,84.2719,14.2,91,100,4.38
101,Tiksi,RU,2022-03-23 20:36:53,71.6872,128.8694,-15.12,100,63,3.38
102,Shaowu,CN,2022-03-23 20:36:54,27.3409,117.4831,51.53,94,72,2.57
103,Sunrise Manor,US,2022-03-23 20:36:54,36.2111,-115.0731,77.09,11,0,5.75
104,Muros,ES,2022-03-23 20:36:55,42.7762,-9.0603,55.83,77,30,8.41
105,Hithadhoo,MV,2022-03-23 20:36:55,-0.6,73.0833,83.46,66,13,15.17
106,Honiara,SB,2022-03-23 20:36:56,-9.4333,159.95,79.2,85,90,2.04
107,Padang,ID,2022-03-23 20:36:56,-0.9492,100.3543,75.42,71,8,4.41
108,Cabedelo,BR,2022-03-23 20:36:56,-6.9811,-34.8339,83.07,79,75,11.21
109,Butaritari,KI,2022-03-23 20:36:57,3.0707,172.7902,80.08,82,62,15.66
110,Angoche,MZ,2022-03-23 20:36:57,-16.2325,39.9086,76.21,93,17,7.74
111,Itarema,BR,2022-03-23 20:36:58,-2.9248,-39.9167,77.23,86,100,9.95
112,Dingle,PH,2022-03-23 20:36:58,10.9995,122.6711,75.94,85,5,5.66
113,Yellowknife,CA,2022-03-23 20:36:02,62.456,-114.3525,14.41,90,100,13.8
114,Alofi,NU,2022-03-23 20:36:59,-19.0595,-169.9187,82.29,83,75,5.75
115,Katete,UG,2022-03-23 20:36:59,-0.7818,29.7544,60.76,94,62,3.11
116,Esperance,AU,2022-03-23 20:36:59,-33.8667,121.9,55.24,76,36,4.32
117,Bathsheba,BB,2022-03-23 20:37:00,13.2167,-59.5167,83.01,65,40,21.85
118,Nakamura,JP,2022-03-23 20:37:00,32.9833,132.9333,40.1,94,4,4.25
119,Georgetown,MY,2022-03-23 20:37:01,5.4112,100.3354,80.53,88,20,8.05
120,Skjervoy,NO,2022-03-23 20:37:01,70.0311,20.9714,32.0,70,96,14.12
121,Saint-Philippe,RE,2022-03-23 20:37:02,-21.3585,55.7679,76.59,84,50,11.59
122,Tawau,MY,2022-03-23 20:37:02,4.2498,117.8871,77.13,94,96,3.22
123,Lake Havasu City,US,2022-03-23 20:37:02,34.4839,-114.3224,81.07,7,0,6.91
124,Oberkirch,DE,2022-03-23 20:37:03,48.5324,8.0786,51.44,58,2,4.16
125,Piacabucu,BR,2022-03-23 20:33:46,-10.4056,-36.4344,79.79,75,64,8.88
126,Orbetello,IT,2022-03-23 20:33:02,42.4408,11.2196,51.8,25,0,2.3
127,Chokurdakh,RU,2022-03-23 20:37:04,70.6333,147.9167,-3.66,98,100,4.12
128,Mahibadhoo,MV,2022-03-23 20:37:04,3.7833,72.9667,82.6,66,2,12.1
129,Aguas Vermelhas,BR,2022-03-23 20:37:05,-15.7472,-41.46,73.08,67,100,4.59
130,Chuy,UY,2022-03-23 20:37:05,-33.6971,-53.4616,74.25,76,100,11.97
131,Svetlogorsk,BY,2022-03-23 20:37:05,52.6333,29.7333,44.65,68,86,6.69
132,Saskylakh,RU,2022-03-23 20:37:06,71.9167,114.0833,-13.85,100,97,5.48
133,Seymchan,RU,2022-03-23 20:37:06,62.8833,152.4333,-0.49,94,100,1.92
134,Bambous Virieux,MU,2022-03-23 20:37:07,-20.3428,57.7575,80.85,83,75,9.22
135,Borogontsy,RU,2022-03-23 20:37:07,62.6683,131.1683,-1.16,99,97,4.59
136,Longyearbyen,SJ,2022-03-23 20:37:08,78.2186,15.6401,-0.56,65,20,9.22
137,East London,ZA,2022-03-23 20:37:08,-33.0153,27.9116,72.64,76,100,5.35
138,Chumikan,RU,2022-03-23 20:37:09,54.7183,135.315,3.76,91,5,8.3
139,Cam Ranh,VN,2022-03-23 20:37:09,11.9214,109.1591,76.96,100,20,1.14
140,Barra Patuca,HN,2022-03-23 20:37:10,15.8,-84.2833,82.49,65,50,14.92
141,Asyut,EG,2022-03-23 20:37:10,27.181,31.1837,53.78,27,0,7.99
142,Tancitaro,MX,2022-03-23 20:37:11,19.3333,-102.3667,69.82,8,19,7.45
143,Beloha,MG,2022-03-23 20:37:11,-25.1667,45.05,72.97,86,0,9.26
144,Flinders,AU,2022-03-23 20:38:12,-34.5833,150.8552,66.18,85,100,4.0
145,Vanderhoof,CA,2022-03-23 20:35:57,54.0166,-124.0198,43.9,46,48,12.73
146,Bonavista,CA,2022-03-23 20:38:13,48.6499,-53.1147,29.82,87,91,12.62
147,Mayumba,GA,2022-03-23 20:38:13,-3.432,10.6554,78.89,91,80,2.26
148,Vila Franca Do Campo,PT,2022-03-23 20:35:54,37.7167,-25.4333,61.21,71,33,5.3
149,Cidreira,BR,2022-03-23 20:38:14,-30.1811,-50.2056,72.99,80,100,14.34
150,Yerbogachen,RU,2022-03-23 20:38:14,61.2767,108.0108,-1.01,100,100,2.8
151,Kralendijk,BQ,2022-03-23 20:38:15,12.15,-68.2667,84.18,61,40,21.85
152,Mount Gambier,AU,2022-03-23 20:38:15,-37.8333,140.7667,49.91,87,100,1.14
153,Valencia,ES,2022-03-23 20:37:02,39.3333,-0.8333,49.75,98,100,20.49
154,Andenes,NO,2022-03-23 20:38:16,69.3143,16.1194,35.58,80,75,18.41
155,Dicabisagan,PH,2022-03-23 20:38:16,17.0818,122.4157,76.08,90,85,2.68
156,Saint-Augustin,CA,2022-03-23 20:38:17,51.226,-58.6502,29.66,75,90,28.66
157,Stornoway,GB,2022-03-23 20:38:17,58.2093,-6.3865,48.92,74,0,3.44
158,Castro,BR,2022-03-23 20:38:17,-24.7911,-50.0119,68.41,83,64,5.84
159,Baracoa,CU,2022-03-23 20:38:18,20.3467,-74.4958,81.86,63,12,8.08
160,Santa Isabel Do Rio Negro,BR,2022-03-23 20:38:19,-0.4139,-65.0192,82.08,93,74,2.1
161,Vostok,RU,2022-03-23 20:38:19,46.4856,135.8833,13.55,94,45,4.43
162,Banjar,ID,2022-03-23 20:38:19,-8.19,114.9675,78.35,93,99,1.99
163,Olafsvik,IS,2022-03-23 20:38:20,64.8945,-23.7142,42.01,99,100,14.09
164,Kattivakkam,IN,2022-03-23 20:38:20,13.2167,80.3167,84.29,89,84,7.16
165,Nikolskoye,RU,2022-03-23 20:38:21,59.7035,30.7861,32.72,97,22,3.69
166,Bengkulu,ID,2022-03-23 20:38:21,-3.8004,102.2655,74.97,84,87,3.78
167,Ugoofaaru,MV,2022-03-23 20:38:21,5.6667,73.0,82.56,65,4,11.14
168,Khor,RU,2022-03-23 20:38:22,47.8861,134.9464,12.15,96,56,3.74
169,Grand-Santi,GF,2022-03-23 20:38:22,4.25,-54.3833,75.13,98,94,3.98
170,Kui Buri,TH,2022-03-23 20:38:23,12.0828,99.8543,77.07,88,74,4.18
171,Shu,KZ,2022-03-23 20:38:23,43.5983,73.7614,31.86,96,100,5.99
172,Cockburn Town,TC,2022-03-23 20:36:43,21.4612,-71.1419,80.56,57,40,17.27
173,Maniitsoq,GL,2022-03-23 20:38:24,65.4167,-52.9,4.01,90,8,7.4
174,High Prairie,CA,2022-03-23 20:38:24,55.4334,-116.4858,52.02,73,30,11.03
175,Najran,SA,2022-03-23 20:38:24,17.4924,44.1277,75.85,44,72,5.14
176,Camacha,PT,2022-03-23 20:38:25,33.0833,-16.3333,56.62,63,40,19.57
177,Arraial Do Cabo,BR,2022-03-23 20:38:25,-22.9661,-42.0278,80.56,57,0,12.66
178,Lapeer,US,2022-03-23 20:38:26,43.0514,-83.3188,47.07,76,100,10.36
179,Enshi,CN,2022-03-23 20:38:26,30.3,109.4833,51.13,94,100,0.27
180,Buxton,GB,2022-03-23 20:38:27,53.2574,-1.9098,51.19,73,100,2.08
181,Nuuk,GL,2022-03-23 20:38:27,64.1835,-51.7216,16.41,67,20,12.66
182,Srednekolymsk,RU,2022-03-23 20:38:28,67.45,153.6833,-2.92,100,99,2.04
183,Bireun,ID,2022-03-23 20:38:28,5.203,96.7009,77.97,83,100,2.91
184,Craig,US,2022-03-23 20:38:28,40.5153,-107.5464,37.35,48,0,0.0
185,Comodoro Rivadavia,AR,2022-03-23 20:38:29,-45.8667,-67.5,55.26,50,40,17.27
186,Alice Springs,AU,2022-03-23 20:38:29,-23.7,133.8833,69.35,32,68,5.75
187,Reserva,BR,2022-03-23 20:38:30,-24.6503,-50.8506,66.56,96,83,3.62
188,Kiunga,PG,2022-03-23 20:39:30,-6.1219,141.2906,72.27,99,95,2.44
189,Upernavik,GL,2022-03-23 20:39:31,72.7868,-56.1549,-8.59,97,55,3.42
190,Rudbar,AF,2022-03-23 20:39:31,30.15,62.6,61.09,34,0,11.5
191,Baoshan,CN,2022-03-23 20:39:31,46.5586,131.4244,21.52,97,75,2.06
192,Kungurtug,RU,2022-03-23 20:39:32,50.5994,97.5228,-1.26,96,74,1.79
193,Te Anau,NZ,2022-03-23 20:39:32,-45.4167,167.7167,55.42,75,85,6.11
194,Tezu,IN,2022-03-23 20:39:33,27.9167,96.1667,73.31,48,86,3.56
195,Mackay,AU,2022-03-23 20:39:33,-21.15,149.2,66.69,94,3,4.61
196,Cape Town,ZA,2022-03-23 20:36:01,-33.9258,18.4232,70.12,77,0,13.8
197,Daitari,IN,2022-03-23 20:39:34,21.1,85.75,70.41,96,44,1.36
198,Zheleznodorozhnyy,RU,2022-03-23 20:39:34,55.7503,38.0042,36.12,98,100,2.86
199,New Norfolk,AU,2022-03-23 20:39:35,-42.7826,147.0587,56.88,64,24,4.0
200,Oistins,BB,2022-03-23 20:39:35,13.0667,-59.5333,82.49,65,40,21.85
201,Salalah,OM,2022-03-23 20:39:35,17.0151,54.0924,77.09,73,0,2.3
202,Hirson,FR,2022-03-23 20:39:36,49.9226,4.0826,52.41,56,0,3.87
203,Tiarei,PF,2022-03-23 20:39:36,-17.5333,-149.3333,86.02,74,96,11.79
204,Quetigny,FR,2022-03-23 20:39:37,47.3167,5.1167,51.53,70,0,5.75
205,Westport,US,2022-03-23 20:36:03,41.1415,-73.3579,46.69,45,75,5.99
206,Necochea,AR,2022-03-23 20:39:37,-38.5473,-58.7368,72.01,69,58,17.38
207,Qaanaaq,GL,2022-03-23 20:39:38,77.484,-69.3632,-4.99,89,100,6.26
208,Sioux Lookout,CA,2022-03-23 20:39:38,50.1001,-91.917,33.87,86,100,6.91
209,Pevek,RU,2022-03-23 20:39:39,69.7008,170.3133,14.83,85,100,6.38
210,Forio,IT,2022-03-23 20:39:39,40.7342,13.8646,57.42,63,0,7.0
211,Koumac,NC,2022-03-23 20:39:40,-20.5667,164.2833,79.21,77,100,3.78
212,Ormara,PK,2022-03-23 20:39:40,25.2088,64.6357,75.9,78,0,14.81
213,Katsuura,JP,2022-03-23 20:39:41,35.1333,140.3,45.37,92,90,17.02
214,Richards Bay,ZA,2022-03-23 20:39:41,-28.783,32.0377,73.22,74,22,11.21
215,Yulara,AU,2022-03-23 20:39:42,-25.2406,130.9889,71.44,53,12,8.05
216,Ahipara,NZ,2022-03-23 20:39:42,-35.1667,173.1667,67.42,77,92,15.88
217,Tamiahua,MX,2022-03-23 20:39:42,21.2667,-97.45,71.08,52,92,16.91
218,Gamboma,CG,2022-03-23 20:39:43,-1.8764,15.8644,77.16,60,10,2.04
219,Yarmouth,US,2022-03-23 20:39:43,41.7057,-70.2286,46.26,59,75,6.91
220,Busayra,JO,2022-03-23 20:39:44,30.7376,35.6078,39.81,43,1,5.84
221,Turtas,RU,2022-03-23 20:39:44,58.9417,69.1325,20.77,96,69,6.11
222,Vao,NC,2022-03-23 20:39:45,-22.6667,167.4833,77.09,64,33,12.97
223,Avera,US,2022-03-23 20:39:45,33.194,-82.5271,76.51,90,100,13.65
224,Santa Marta De Tormes,ES,2022-03-23 20:39:45,40.9506,-5.6272,48.22,71,40,11.5
225,Minab,IR,2022-03-23 20:39:46,27.1467,57.0801,71.92,46,0,3.44
226,Mossendjo,CG,2022-03-23 20:39:46,-2.9506,12.7261,71.71,98,89,2.57
227,Murgab,TM,2022-03-23 20:39:47,37.4966,61.9714,46.27,61,100,9.22
228,Farroupilha,BR,2022-03-23 20:39:47,-29.225,-51.3478,66.45,93,100,5.99
229,Mandan,US,2022-03-23 20:36:18,46.8267,-100.8896,51.01,39,0,16.11
230,Coruripe,BR,2022-03-23 20:39:48,-10.1256,-36.1756,80.04,76,45,9.93
231,Tulum,MX,2022-03-23 20:36:11,20.2167,-87.4667,84.29,58,0,10.78
232,Aguimes,ES,2022-03-23 20:39:48,27.9054,-15.4461,61.66,59,40,20.71
233,Sandusky,US,2022-03-23 20:36:59,41.3501,-83.1332,67.96,79,98,10.0
234,Saint George,US,2022-03-23 20:40:31,37.1041,-113.5841,72.63,14,0,3.44
235,Gossaigaon,IN,2022-03-23 20:40:49,26.4481,89.989,73.18,48,3,3.78
236,Dzaoudzi,YT,2022-03-23 20:40:50,-12.7887,45.2699,82.29,89,20,5.75
237,Fukue,JP,2022-03-23 20:40:50,32.6881,128.8419,53.22,60,1,12.41
238,College,US,2022-03-23 20:39:36,64.8569,-147.8028,15.48,48,40,13.8
239,Hobyo,SO,2022-03-23 20:40:51,5.3505,48.5268,80.1,77,0,16.69
240,Sasykoli,RU,2022-03-23 20:40:51,47.5515,46.9968,35.29,61,0,8.12
241,Hofn,IS,2022-03-23 20:40:52,64.2539,-15.2082,36.0,78,100,2.55
242,Ambilobe,MG,2022-03-23 20:40:52,-13.2,49.05,75.34,95,21,1.59
243,Tamandare,BR,2022-03-23 20:40:53,-8.7597,-35.1047,78.66,85,81,7.83
244,Mar Del Plata,AR,2022-03-23 20:40:53,-38.0023,-57.5575,69.82,96,40,20.0
245,Luderitz,NA,2022-03-23 20:40:53,-26.6481,15.1594,64.09,89,0,10.83
246,Wonthaggi,AU,2022-03-23 20:40:54,-38.6044,145.5913,56.82,72,98,2.17
247,Acapulco,MX,2022-03-23 20:40:17,16.8634,-99.8901,84.02,65,0,10.36
248,Awbari,LY,2022-03-23 20:40:55,26.5921,12.7805,54.81,28,1,11.41
249,Zurrieq,MT,2022-03-23 20:40:55,35.8311,14.4742,51.96,71,0,5.75
250,Pasinler,TR,2022-03-23 20:40:55,39.9803,41.6764,25.79,96,99,3.8
251,Gat,IL,2022-03-23 20:40:56,31.61,34.7642,50.68,81,82,6.96
252,Popondetta,PG,2022-03-23 20:40:56,-8.7537,148.2534,74.84,92,42,2.48
253,Ketchikan,US,2022-03-23 20:40:57,55.3422,-131.6461,42.78,87,100,10.04
254,Victor Harbor,AU,2022-03-23 20:40:57,-35.5667,138.6167,53.01,87,95,6.49
255,Kosa,RU,2022-03-23 20:40:58,59.9445,54.9977,31.3,92,94,10.8
256,Aketi,CD,2022-03-23 20:40:58,2.7388,23.7833,75.25,69,90,2.13
257,Ternate,ID,2022-03-23 20:40:59,0.8,127.4,78.08,81,100,8.46
258,Hadrut,AZ,2022-03-23 20:40:59,39.52,47.0318,27.34,94,97,5.21
259,Hilo,US,2022-03-23 20:41:00,19.7297,-155.09,78.53,73,75,5.75
260,Walvis Bay,NA,2022-03-23 20:36:08,-22.9575,14.5053,70.75,68,1,8.05
261,Xiamen,CN,2022-03-23 20:41:00,24.4798,118.0819,57.25,88,100,8.95
262,Victoria,HK,2022-03-23 20:39:01,22.2855,114.1577,64.26,89,100,5.01
263,Talnakh,RU,2022-03-23 20:41:01,69.4865,88.3972,9.21,83,100,9.31
264,Ca Mau,VN,2022-03-23 20:41:01,9.1769,105.15,78.6,85,23,3.71
265,Salina Cruz,MX,2022-03-23 20:41:02,16.1667,-95.2,89.1,43,11,19.42
266,Carnarvon,AU,2022-03-23 20:41:02,-24.8667,113.6333,78.87,73,98,9.22
267,Thompson,CA,2022-03-23 20:41:03,55.7435,-97.8558,33.96,80,100,9.22
268,Asau,RO,2022-03-23 20:41:03,46.4333,26.4,43.95,47,0,5.57
269,Gore,NZ,2022-03-23 20:36:18,-46.1028,168.9436,52.21,98,100,5.91
270,Umm Lajj,SA,2022-03-23 20:41:04,25.0213,37.2685,64.22,43,0,17.29
271,Oranjemund,NA,2022-03-23 20:41:04,-28.55,16.4333,64.53,94,51,3.44
272,Sharjah,AE,2022-03-23 20:41:05,25.3573,55.4033,80.58,53,0,5.75
273,Airai,TL,2022-03-23 20:41:05,-8.9266,125.4092,58.8,93,98,1.21
274,Tomatlan,MX,2022-03-23 20:41:06,19.9333,-105.25,91.31,19,22,10.87
275,Maceio,BR,2022-03-23 20:39:56,-9.6658,-35.7353,80.04,83,75,4.61
276,Miri,MY,2022-03-23 20:41:06,4.4148,114.0089,75.34,94,40,0.0
277,Chirongui,YT,2022-03-23 20:42:07,-12.9319,45.1483,82.33,77,33,10.56
278,Ilulissat,GL,2022-03-23 20:42:08,69.2167,-51.1,3.22,55,20,5.75
279,Torbay,CA,2022-03-23 20:42:08,47.6666,-52.7314,33.28,84,75,11.5
280,Atasu,KZ,2022-03-23 20:42:09,48.6814,71.6433,15.62,95,99,13.27
281,Axim,GH,2022-03-23 20:42:09,4.8699,-2.2405,81.37,84,100,6.2
282,Kodiak,US,2022-03-23 20:42:09,57.79,-152.4072,33.31,80,100,3.44
283,Eskilstuna,SE,2022-03-23 20:42:10,59.3666,16.5077,42.73,69,0,1.99
284,Riyadh,SA,2022-03-23 20:42:08,24.6877,46.7219,73.54,13,28,5.06
285,Katherine,AU,2022-03-23 20:42:10,-14.4667,132.2667,80.92,74,96,0.0
286,Chifeng,CN,2022-03-23 20:42:11,42.2683,118.9636,32.83,77,42,2.13
287,Casino,AU,2022-03-23 20:42:11,-28.8667,153.05,71.56,94,100,0.0
288,Nalut,LY,2022-03-23 20:42:12,30.3333,10.85,54.72,37,2,14.36
289,Klaksvik,FO,2022-03-23 20:42:12,62.2266,-6.589,45.52,94,100,4.14
290,Clyde River,CA,2022-03-23 20:42:13,70.4692,-68.5914,-5.57,84,100,9.22
291,Sitka,US,2022-03-23 20:42:13,57.0531,-135.33,42.69,75,75,8.05
292,Hami,CN,2022-03-23 20:42:14,42.8,93.45,42.35,35,100,12.19
293,Sibu,MY,2022-03-23 20:42:14,2.3,111.8167,77.31,94,20,0.0
294,Diffa,NE,2022-03-23 20:42:15,13.3154,12.6113,80.2,15,100,8.3
295,Namibe,AO,2022-03-23 20:42:15,-15.1961,12.1522,75.52,82,98,4.85
296,Hambantota,LK,2022-03-23 20:42:16,6.1241,81.1185,78.78,81,49,9.13
297,San Rafael,AR,2022-03-23 20:40:35,-34.6177,-68.3301,66.29,33,2,23.8
298,Verkhoyansk,RU,2022-03-23 20:42:16,67.5447,133.385,-11.76,100,98,3.53
299,Olga,RU,2022-03-23 20:42:17,43.7444,135.2892,32.09,87,99,2.82
300,Elk City,US,2022-03-23 20:42:13,35.412,-99.4043,50.68,32,75,18.41
301,Pacific Grove,US,2022-03-23 20:42:17,36.6177,-121.9166,74.39,80,40,11.99
302,Pouebo,NC,2022-03-23 20:42:18,-20.4,164.5667,78.82,80,98,8.55
303,San Quintin,MX,2022-03-23 20:42:19,30.4833,-115.95,72.86,42,0,11.88
304,Bratsk,RU,2022-03-23 20:42:19,56.1325,101.6142,19.89,90,100,7.43
305,Thuin,BE,2022-03-23 20:42:19,50.3395,4.2848,55.18,53,0,4.61
306,Adrar,MR,2022-03-23 20:42:20,20.5022,-10.0711,79.99,11,0,8.34
307,Port Elizabeth,ZA,2022-03-23 20:41:01,-33.918,25.5701,67.1,94,75,12.66
308,Port Blair,IN,2022-03-23 20:42:20,11.6667,92.75,77.04,94,40,1.14
309,Kozhva,RU,2022-03-23 20:42:21,65.1073,57.0459,16.45,90,99,10.42
310,Weligama,LK,2022-03-23 20:42:21,5.9667,80.4167,77.88,83,19,6.6
311,Baherden,TM,2022-03-23 20:42:22,38.4362,57.4316,41.49,84,32,4.72
312,Sao Jose Da Coroa Grande,BR,2022-03-23 20:42:22,-8.8978,-35.1478,78.8,85,78,9.08
313,Lavrentiya,RU,2022-03-23 20:42:23,65.5833,-171.0,4.26,74,0,3.49
314,Batemans Bay,AU,2022-03-23 20:42:23,-35.7167,150.1833,64.09,88,100,0.98
315,Mesyagutovo,RU,2022-03-23 20:42:23,55.5303,58.2528,31.93,85,99,19.57
316,Carutapera,BR,2022-03-23 20:42:24,-1.195,-46.02,78.24,87,88,7.23
317,Vila Velha,BR,2022-03-23 20:42:24,-20.3297,-40.2925,80.55,74,0,9.22
318,Simpang,ID,2022-03-23 20:42:25,-1.2667,104.0833,76.39,93,71,1.16
319,Xining,CN,2022-03-23 20:39:09,36.6167,101.7667,44.06,35,100,2.8
320,Havre-Saint-Pierre,CA,2022-03-23 20:42:25,50.2334,-63.5986,37.76,44,0,18.41
321,Makakilo City,US,2022-03-23 20:42:26,21.3469,-158.0858,80.92,61,75,18.41
322,Manavalakurichi,IN,2022-03-23 20:42:26,8.1333,77.3,80.13,84,18,8.41
323,Khetia,IN,2022-03-23 20:42:26,21.6667,74.5833,84.52,17,59,7.45
324,Waingapu,ID,2022-03-23 20:43:27,-9.6567,120.2641,77.79,82,100,4.18
325,Wadern,DE,2022-03-23 20:43:27,49.5333,6.8833,50.4,65,0,3.53
326,Nanyamba,TZ,2022-03-23 20:43:28,-10.6833,39.8333,71.78,99,99,2.98
327,La Asuncion,VE,2022-03-23 20:43:28,11.0333,-63.8628,78.69,75,6,21.25
328,Tautira,PF,2022-03-23 20:43:29,-17.7333,-149.15,80.28,74,81,12.21
329,Douentza,ML,2022-03-23 20:43:29,14.9951,-2.9517,85.93,10,30,6.24
330,Agadir,MA,2022-03-23 20:41:45,30.4202,-9.5982,59.45,68,1,12.95
331,Iralaya,HN,2022-03-23 20:43:29,15.0,-83.2333,82.27,63,51,11.77
332,Fortuna,US,2022-03-23 20:43:30,40.5982,-124.1573,59.67,87,100,5.75
333,Souillac,MU,2022-03-23 20:43:30,-20.5167,57.5167,80.98,83,75,9.22
334,Pangai,TO,2022-03-23 20:43:31,-19.8,-174.35,78.91,83,75,6.91
335,Merauke,ID,2022-03-23 20:43:31,-8.4667,140.3333,77.41,87,99,5.57
336,Saint-Pierre,RE,2022-03-23 20:43:32,-21.3393,55.4781,77.92,83,0,4.61
337,Zhigansk,RU,2022-03-23 20:43:32,66.7697,123.3711,11.34,96,100,8.12
338,Imbituba,BR,2022-03-23 20:43:33,-28.24,-48.6703,73.81,84,100,16.73
339,Sembakung,ID,2022-03-23 20:43:33,3.8167,117.25,72.88,99,100,1.25
340,Kiruna,SE,2022-03-23 20:41:12,67.8557,20.2251,36.52,81,75,10.36
341,Santa Maria,BR,2022-03-23 20:38:36,-29.6842,-53.8069,76.3,73,75,5.75
342,Calvinia,ZA,2022-03-23 20:43:34,-31.4707,19.776,66.79,55,72,2.91
343,Szczecinek,PL,2022-03-23 20:43:34,53.7079,16.6994,44.35,61,1,5.19
344,Severo-Kurilsk,RU,2022-03-23 20:43:35,50.6789,156.125,28.76,74,37,9.04
345,Itatskiy,RU,2022-03-23 20:43:35,56.07,89.0369,14.99,91,81,7.36
346,Kavaratti,IN,2022-03-23 20:43:36,10.5669,72.642,82.85,66,33,3.71
347,Goderich,CA,2022-03-23 20:43:12,43.7501,-81.7165,40.91,75,98,31.07
348,Houma,US,2022-03-23 20:43:36,29.5958,-90.7195,69.01,44,0,13.8
349,Kropotkin,RU,2022-03-23 20:43:37,45.4375,40.5756,35.89,58,8,15.28
350,Son La,VN,2022-03-23 20:43:37,21.3167,103.9,65.37,97,100,3.24
351,Geraldton,AU,2022-03-23 20:43:38,-28.7667,114.6,72.01,37,29,2.3
352,Duldurga,RU,2022-03-23 20:43:38,50.6761,113.5931,15.62,79,100,2.93
353,Santa Cruz De Tenerife,ES,2022-03-23 20:43:38,28.4682,-16.2546,64.72,84,75,21.85
354,Ann Arbor,US,2022-03-23 20:43:33,42.2776,-83.7409,49.19,84,100,12.66
355,Novikovo,RU,2022-03-23 20:43:39,51.1537,37.8879,32.41,90,100,3.13
356,Guerrero Negro,MX,2022-03-23 20:43:39,27.9769,-114.0611,82.33,22,0,13.94
357,Xichang,CN,2022-03-23 20:43:40,27.8964,102.2634,54.32,79,5,2.39
358,Coquimbo,CL,2022-03-23 20:43:40,-29.9533,-71.3436,67.73,63,0,13.8
359,Hailar,CN,2022-03-23 20:43:41,49.2,119.7,1.87,96,24,6.02
360,Aklavik,CA,2022-03-23 20:43:41,68.2191,-135.0107,-13.0,64,75,16.11
361,Eirunepe,BR,2022-03-23 20:43:41,-6.6603,-69.8736,85.55,66,87,2.44
362,San Luis,AR,2022-03-23 20:43:42,-33.295,-66.3356,59.68,76,12,33.96
363,Sao Filipe,CV,2022-03-23 20:43:42,14.8961,-24.4956,70.27,75,2,9.1
364,Pekan,MY,2022-03-23 20:43:43,3.4836,103.3996,75.31,87,99,4.43
365,Bacolod,PH,2022-03-23 20:43:43,10.6667,122.95,78.4,80,4,7.18
366,Cabo San Lucas,MX,2022-03-23 20:41:38,22.8909,-109.9124,84.61,36,0,3.44
367,Karratha,AU,2022-03-23 20:43:44,-20.7377,116.8463,86.5,67,99,14.47
368,Danjiangkou,CN,2022-03-23 20:43:44,32.5428,111.5086,44.56,98,49,2.68
369,Rio Gallegos,AR,2022-03-23 20:41:31,-51.6226,-69.2181,50.05,66,75,3.44
370,Wewak,PG,2022-03-23 20:44:45,-3.5534,143.6268,78.64,86,100,3.96
371,Samarai,PG,2022-03-23 20:44:45,-10.6167,150.6667,81.64,78,37,6.11
372,Ipora,BR,2022-03-23 20:44:46,-16.4419,-51.1178,77.86,76,6,4.36
373,Barreiras,BR,2022-03-23 20:44:46,-12.1528,-44.99,79.81,65,98,3.31
374,Kamenka,RU,2022-03-23 20:44:46,51.3223,42.7678,31.15,91,100,4.63
375,Nyakahanga,TZ,2022-03-23 20:44:47,-1.6033,31.1414,57.94,95,30,2.13
376,Fomboni,KM,2022-03-23 20:44:47,-12.28,43.7425,83.84,75,46,11.23
377,Abonnema,NG,2022-03-23 20:44:48,4.7084,6.7931,84.49,79,98,5.95
378,Jumla,NP,2022-03-23 20:44:48,29.2747,82.1838,43.47,55,0,4.38
379,Lokosovo,RU,2022-03-23 20:44:49,61.1333,74.8167,14.72,97,100,3.09
380,San Cristobal,VE,2022-03-23 20:44:49,7.7669,-72.225,80.78,36,51,3.74
381,Susa,TN,2022-03-23 20:44:49,35.8254,10.637,53.38,66,20,5.75
382,Tambopata,PE,2022-03-23 20:44:50,-12.7333,-69.1833,83.39,82,46,1.77
383,Thunder Bay,CA,2022-03-23 20:40:22,48.4001,-89.3168,35.29,96,100,13.8
384,Date,JP,2022-03-23 20:44:50,42.4681,140.8681,35.2,94,100,3.2
385,Gold Coast,AU,2022-03-23 20:44:51,-28.0,153.4333,73.04,94,100,4.61
386,Keti Bandar,PK,2022-03-23 20:44:51,24.1447,67.4497,75.97,65,0,16.2
387,Chara,RU,2022-03-23 20:44:52,56.9064,118.2631,0.77,79,100,1.99
388,Dongsheng,CN,2022-03-23 20:44:52,39.8161,109.9776,40.73,39,100,11.81
389,Samana,DO,2022-03-23 20:44:52,19.2056,-69.3369,84.42,74,40,9.22
390,Lugovoy,KZ,2022-03-23 20:44:53,42.9472,72.7644,30.25,94,100,4.36
391,Tigil,RU,2022-03-23 20:44:53,57.8,158.6667,12.47,90,88,4.88
392,Bentiu,SS,2022-03-23 20:44:54,9.2333,29.8333,88.11,15,6,2.77
393,Matay,EG,2022-03-23 20:44:54,28.419,30.7792,53.35,31,12,10.98
394,Romanovskaya,RU,2022-03-23 20:44:55,47.5426,42.0285,36.18,56,0,6.98
395,Santa Cruz,BO,2022-03-23 20:44:55,-17.8,-63.1667,87.85,55,40,20.71
396,Alpena,US,2022-03-23 20:40:57,45.0617,-83.4327,34.12,96,100,18.41
397,North Platte,US,2022-03-23 20:44:56,41.1239,-100.7654,48.11,32,0,25.99
398,Faya,SA,2022-03-23 20:44:56,18.3851,42.4509,62.71,61,2,3.78
399,Baglung,NP,2022-03-23 20:44:57,28.2719,83.5898,60.62,39,0,7.18
400,Moose Factory,CA,2022-03-23 20:44:57,51.2585,-80.6094,30.2,64,0,17.27
401,Kahului,US,2022-03-23 20:44:58,20.8947,-156.47,78.96,73,40,17.27
402,Sola,VU,2022-03-23 20:44:58,-13.8833,167.55,81.63,73,100,5.12
403,Gisborne,NZ,2022-03-23 20:44:59,-38.6533,178.0042,62.28,94,100,2.75
404,Taltal,CL,2022-03-23 20:44:59,-25.4,-70.4833,69.39,69,3,8.63
405,Bubaque,GW,2022-03-23 20:44:59,11.2833,-15.8333,74.84,73,61,12.46
406,Keokuk,US,2022-03-23 20:45:00,40.3973,-91.3849,45.05,100,75,10.36
407,Marmaris,TR,2022-03-23 20:45:00,36.855,28.2742,54.1,63,1,2.75
408,Bahile,PH,2022-03-23 20:45:01,9.9995,118.7878,76.35,87,7,2.28
409,Kununurra,AU,2022-03-23 20:45:01,-15.7667,128.7333,78.78,100,98,4.61
410,Sabang,ID,2022-03-23 20:45:02,5.8933,95.3214,81.75,74,86,7.94
411,Islamkot,PK,2022-03-23 20:45:02,24.6997,70.177,71.71,59,0,12.1
412,Tuatapere,NZ,2022-03-23 20:45:02,-46.1333,167.6833,56.59,76,70,11.68
413,Talagang,PK,2022-03-23 20:44:33,32.9297,72.4158,69.8,25,1,1.81
414,Port Augusta,AU,2022-03-23 20:45:03,-32.5,137.7667,60.33,60,11,6.67
415,Kirakira,SB,2022-03-23 20:45:03,-10.4544,161.9205,81.75,78,98,2.95
416,Los Llanos De Aridane,ES,2022-03-23 20:45:04,28.6585,-17.9182,59.13,75,20,24.16
417,Puerto Del Rosario,ES,2022-03-23 20:46:04,28.5004,-13.8627,62.35,59,20,14.97
418,Tuburan,PH,2022-03-23 20:46:05,6.6439,122.2736,80.22,81,100,2.26
419,Nadym,RU,2022-03-23 20:46:05,65.5333,72.5167,7.18,96,51,7.56
420,Moosburg,DE,2022-03-23 20:46:06,48.4667,11.9333,48.69,48,0,0.25
421,Shenjiamen,CN,2022-03-23 20:46:06,29.9576,122.298,47.93,67,0,5.41
422,Pisco,PE,2022-03-23 20:43:11,-13.7,-76.2167,77.05,57,0,20.71
423,Seoul,KR,2022-03-23 20:46:07,37.5683,126.9778,42.19,78,20,6.91
424,Alyangula,AU,2022-03-23 20:46:07,-13.8483,136.4192,73.27,94,57,0.0
425,Atar,MR,2022-03-23 20:46:07,20.5169,-13.0499,78.42,16,0,8.46
426,Port Macquarie,AU,2022-03-23 20:46:08,-31.4333,152.9167,67.89,100,100,6.91
427,Jiangkou,CN,2022-03-23 20:46:08,25.4872,119.1986,55.35,84,100,10.8
428,Araouane,ML,2022-03-23 20:46:09,18.9048,-3.5265,80.24,9,33,3.51
429,Qeshm,IR,2022-03-23 20:46:09,26.9581,56.2719,76.89,71,0,0.65
430,Ribeira Grande,PT,2022-03-23 20:46:10,38.5167,-28.7,63.0,77,75,6.91
431,Salinopolis,BR,2022-03-23 20:46:10,-0.6136,-47.3561,79.18,86,94,9.95
432,Beyneu,KZ,2022-03-23 20:46:10,45.3167,55.2,34.79,56,0,5.03
433,Mwingi,KE,2022-03-23 20:46:11,-0.9344,38.0601,68.61,79,2,5.55
434,Abha,SA,2022-03-23 20:46:11,18.2164,42.5053,62.42,72,0,11.5
435,Eyl,SO,2022-03-23 20:46:12,7.9803,49.8164,77.7,80,22,6.98
436,Port Shepstone,ZA,2022-03-23 20:46:12,-30.7414,30.455,70.92,84,40,9.98
437,Svencionys,LT,2022-03-23 20:46:13,55.15,26.1667,35.35,77,22,10.51
438,Berlevag,NO,2022-03-23 20:46:13,70.8578,29.0864,28.35,69,75,16.11
439,Carlos Antonio Lopez,PY,2022-03-23 20:46:14,-26.4,-54.7667,70.12,99,100,3.0
440,Aksu,CN,2022-03-23 20:46:14,41.1231,80.2644,48.97,51,84,3.85
441,Skibbereen,IE,2022-03-23 20:41:56,51.55,-9.2667,51.12,92,4,3.36
442,Mount Isa,AU,2022-03-23 20:46:15,-20.7333,139.5,74.97,64,68,0.0
443,Wenling,CN,2022-03-23 20:46:15,28.3669,121.36,47.35,83,100,4.63
444,Halifax,CA,2022-03-23 20:45:11,44.6453,-63.5724,38.68,57,95,21.0
445,Lorengau,PG,2022-03-23 20:46:16,-2.0226,147.2712,81.68,77,100,5.84
446,Mango,US,2022-03-23 20:46:16,27.9797,-82.3065,88.23,67,0,17.27
447,Kruisfontein,ZA,2022-03-23 20:46:17,-34.0033,24.7314,64.89,89,99,7.87
448,Sibolga,ID,2022-03-23 20:46:17,1.7427,98.7792,76.23,83,36,3.74
449,Bongandanga,CD,2022-03-23 20:46:18,1.5,21.05,74.07,72,58,2.86
450,Port Hawkesbury,CA,2022-03-23 20:46:18,45.6169,-61.3485,36.18,72,100,21.85
451,Bilibino,RU,2022-03-23 20:46:19,68.0546,166.4372,7.43,97,100,2.89
452,Dunedin,NZ,2022-03-23 20:43:33,-45.8742,170.5036,60.08,78,80,13.49
453,Kulhudhuffushi,MV,2022-03-23 20:46:19,6.6221,73.07,82.69,63,1,11.07
454,Cotonou,BJ,2022-03-23 20:41:22,6.3654,2.4183,84.18,79,20,12.66
455,Half Moon Bay,US,2022-03-23 20:46:21,37.4636,-122.4286,78.55,74,100,16.11
456,Tromso,NO,2022-03-23 20:46:21,69.6496,18.957,32.02,80,75,5.75
457,Fort Nelson,CA,2022-03-23 20:45:33,58.8053,-122.7002,22.59,80,75,0.0
458,Diamantino,BR,2022-03-23 20:46:22,-14.4086,-56.4461,82.35,77,15,5.44
459,Yei,SS,2022-03-23 20:46:23,4.095,30.6779,69.69,73,68,2.24
460,Salme,NP,2022-03-23 20:46:23,28.0369,85.0942,55.69,36,3,8.14
461,Fethiye,TR,2022-03-23 20:46:23,36.6217,29.1164,44.47,79,35,4.27
462,Puri,IN,2022-03-23 20:46:24,19.8,85.85,81.12,88,29,16.26
463,Linxia,CN,2022-03-23 20:46:24,35.6003,103.2064,48.4,56,95,2.98
464,Ostrovnoy,RU,2022-03-23 20:47:25,68.0531,39.5131,24.62,95,100,12.17
465,Taunggyi,MM,2022-03-23 20:47:25,20.7833,97.0333,63.64,88,100,3.2
466,Ola,RU,2022-03-23 20:47:25,59.5833,151.2833,4.1,89,40,6.06
467,Kaeo,NZ,2022-03-23 20:47:26,-35.1,173.7833,68.32,84,56,11.36
468,Miles City,US,2022-03-23 20:47:26,46.4083,-105.8406,58.17,26,0,6.91
469,Wloclawek,PL,2022-03-23 20:47:27,52.6482,19.0678,42.53,57,3,8.12
470,Mecca,SA,2022-03-23 20:45:02,21.4267,39.8261,68.32,56,0,9.08
471,Rincon,US,2022-03-23 20:47:27,32.296,-81.2354,70.86,91,100,21.85
472,Kenai,US,2022-03-23 20:47:28,60.5544,-151.2583,33.03,63,100,9.22
473,Yatou,CN,2022-03-23 20:47:28,37.15,122.3833,43.25,90,0,8.55
474,Lalas,GR,2022-03-23 20:47:29,37.7167,21.7167,42.3,61,0,5.88
475,Kunashak,RU,2022-03-23 20:47:30,55.7032,61.5498,34.32,83,100,22.44
476,Haines Junction,CA,2022-03-23 20:47:30,60.7522,-137.5108,30.15,69,84,5.75
477,Ntoum,GA,2022-03-23 20:47:31,0.3833,9.7833,77.41,92,77,3.67
478,Superior,US,2022-03-23 20:47:31,46.7208,-92.1041,36.57,91,100,27.63
479,Nishihara,JP,2022-03-23 20:47:32,26.1842,127.7558,63.68,79,75,10.36
480,Honningsvag,NO,2022-03-23 20:47:32,70.9821,25.9704,28.15,74,75,17.27
481,Mweka,CD,2022-03-23 20:47:33,-4.85,21.5667,73.6,72,90,2.37
482,Tarn Taran,IN,2022-03-23 20:47:33,31.45,74.9253,73.42,21,36,5.48
483,San Carlos,VE,2022-03-23 20:45:34,9.6612,-68.5827,97.23,21,14,3.76
484,The Valley,AI,2022-03-23 20:47:34,18.217,-63.0578,82.54,61,40,17.27
485,Margate,GB,2022-03-23 20:47:34,51.3813,1.3862,50.7,62,0,3.44
486,Tessalit,ML,2022-03-23 20:45:37,20.1986,1.0114,77.0,7,8,7.9
487,Pitimbu,BR,2022-03-23 20:47:35,-7.4706,-34.8086,82.99,77,63,11.7
488,Luziania,BR,2022-03-23 20:45:41,-16.2525,-47.9503,82.09,79,82,6.02
489,Qaqortoq,GL,2022-03-23 20:47:35,60.7167,-46.0333,25.79,83,100,4.88
490,Contai,IN,2022-03-23 20:47:36,21.7786,87.7536,76.41,90,69,13.78
491,Sisimiut,GL,2022-03-23 20:47:36,66.9395,-53.6735,2.01,84,6,7.25
492,Hunchun,CN,2022-03-23 20:47:37,42.8675,130.3581,31.08,90,87,1.43
493,Guaraniacu,BR,2022-03-23 20:47:37,-25.1008,-52.8781,68.76,92,100,5.93
494,Komsomolskiy,UZ,2022-03-23 20:47:37,40.4272,71.7189,39.92,87,100,4.61
495,Pontal Do Parana,BR,2022-03-23 20:47:38,-25.6533,-48.5128,78.98,82,90,6.64
496,Oranjestad,AW,2022-03-23 20:47:34,12.524,-70.027,85.95,62,20,24.16
497,Peruibe,BR,2022-03-23 20:47:38,-24.32,-46.9983,74.68,84,21,8.25
498,Sobolevo,RU,2022-03-23 20:47:39,54.4299,31.8996,31.15,99,99,5.86
499,Ciudad Bolivar,VE,2022-03-23 20:47:39,8.1222,-63.5497,91.02,38,67,12.93
500,Polyarnyy,RU,2022-03-23 20:47:40,69.1989,33.4478,26.26,94,100,19.71
501,Rosbach,DE,2022-03-23 20:47:40,50.8,7.6167,54.59,59,0,2.48
502,Broome,US,2022-03-23 20:47:41,42.2506,-75.833,46.02,57,100,12.66
503,Lata,PT,2022-03-23 20:47:41,40.1629,-8.3327,52.56,73,90,9.31
504,Buala,SB,2022-03-23 20:47:41,-8.145,159.5921,80.38,81,60,3.53
505,Cayenne,GF,2022-03-23 20:47:42,4.9333,-52.3333,80.1,1,75,8.05
506,Aykhal,RU,2022-03-23 20:48:42,66.0,111.5,-12.19,100,80,1.72
507,Callaway,US,2022-03-23 20:48:43,30.153,-85.5699,69.94,84,100,10.36
508,Grindavik,IS,2022-03-23 20:48:43,63.8424,-22.4338,43.27,100,100,21.85
509,Korla,CN,2022-03-23 20:48:44,41.7597,86.1469,45.88,40,94,16.64
510,Soma,TR,2022-03-23 20:48:44,39.1855,27.6094,38.07,81,46,11.99
511,Cherskiy,RU,2022-03-23 20:48:45,68.75,161.3,9.03,96,99,1.34
512,Xuchang,CN,2022-03-23 20:48:45,34.0167,113.8167,44.82,93,0,10.65
513,Marsaxlokk,MT,2022-03-23 20:48:46,35.8419,14.5431,53.08,71,0,5.75
514,Edd,ER,2022-03-23 20:48:46,13.9297,41.6925,79.75,84,19,7.52
515,Talcahuano,CL,2022-03-23 20:48:46,-36.7167,-73.1167,62.28,51,20,18.41
516,Laguna,US,2022-03-23 20:48:47,38.421,-121.4238,84.09,44,0,6.91
517,Buraydah,SA,2022-03-23 20:48:47,26.326,43.975,73.85,13,46,12.97
518,Kosino,RU,2022-03-23 20:48:48,58.4127,51.2782,32.59,83,100,7.29
519,Port Lincoln,AU,2022-03-23 20:48:48,-34.7333,135.8667,58.57,74,2,7.49
520,Kavieng,PG,2022-03-23 20:48:48,-2.5744,150.7967,81.81,78,100,10.45
521,Santa Luzia,BR,2022-03-23 20:48:49,-19.7697,-43.8514,80.74,59,40,12.66
522,Nileshwar,IN,2022-03-23 20:48:49,12.25,75.1,80.87,83,39,5.23
523,Morondava,MG,2022-03-23 20:45:41,-20.2833,44.2833,80.2,77,6,2.19
524,Hasaki,JP,2022-03-23 20:48:50,35.7333,140.8333,37.8,86,100,19.69
525,Sistranda,NO,2022-03-23 20:48:50,63.7256,8.834,49.96,71,100,37.42
526,Sakaiminato,JP,2022-03-23 20:48:51,35.55,133.2333,42.78,87,75,8.05
527,Bell Ville,AR,2022-03-23 20:48:51,-32.6259,-62.6887,81.66,65,80,12.28
528,Bambui,BR,2022-03-23 20:48:52,-20.0064,-45.9769,72.43,72,99,1.36
529,Port-Cartier,CA,2022-03-23 20:48:52,50.0334,-66.8654,39.42,85,45,7.74
530,Minna,NG,2022-03-23 20:48:53,9.6139,6.5569,92.91,40,0,4.61
531,Zhicheng,CN,2022-03-23 20:48:53,30.2956,111.5047,47.16,94,95,1.43
532,Seminole,US,2022-03-23 20:48:54,28.7086,-81.2081,87.42,67,20,11.5
533,Wellington,NZ,2022-03-23 20:48:54,-41.2866,174.7756,63.07,95,75,14.97
534,Mikhaylovka,RU,2022-03-23 20:48:54,50.06,43.2379,34.7,98,98,2.93
535,Krasnoselkup,RU,2022-03-23 20:48:55,65.7,82.4667,7.11,96,82,9.64
536,Virginia Beach,US,2022-03-23 20:46:01,36.8529,-75.978,68.04,77,100,11.5
537,Santa Lucia,ES,2022-03-23 20:44:49,27.9117,-15.5407,56.77,63,40,19.57
538,Antofagasta,CL,2022-03-23 20:46:20,-23.65,-70.4,69.22,60,6,11.23
539,Tilichiki,RU,2022-03-23 20:48:56,60.4667,166.1,15.33,97,97,3.15
540,Bulembu,SZ,2022-03-23 20:48:56,-25.9667,31.1333,61.79,76,2,2.19
541,Ust-Kan,RU,2022-03-23 20:48:57,50.9276,84.761,10.92,82,90,11.25
542,Mayna,RU,2022-03-23 20:48:57,54.1135,47.6231,32.99,84,100,10.13
543,Machesney Park,US,2022-03-23 20:48:58,42.3472,-89.039,55.38,87,100,0.0
544,Springfield,US,2022-03-23 20:45:17,37.2153,-93.2982,40.86,89,100,21.99
545,Arlit,NE,2022-03-23 20:48:58,18.7369,7.3853,77.9,12,6,10.94
546,Havoysund,NO,2022-03-23 20:48:59,70.9963,24.6622,28.63,61,100,15.97
547,Evensk,RU,2022-03-23 20:48:59,61.95,159.2333,21.58,95,100,2.75
548,Santa Isabel,BR,2022-03-23 20:48:59,-23.3156,-46.2214,83.5,82,44,3.2
549,Sinnamary,GF,2022-03-23 20:49:00,5.3833,-52.95,76.96,89,100,9.51
550,Shelburne,CA,2022-03-23 20:50:00,44.0787,-80.2041,35.91,63,100,19.66
551,Monrovia,LR,2022-03-23 20:45:34,6.3005,-10.7969,80.37,85,27,6.93
552,Mamallapuram,IN,2022-03-23 20:50:01,12.6264,80.1722,84.25,87,67,6.73
553,Tutin,RS,2022-03-23 20:50:01,42.9903,20.3314,32.05,82,0,2.98
554,Yurimaguas,PE,2022-03-23 20:50:02,-5.9,-76.0833,87.96,66,40,5.75
555,Sorland,NO,2022-03-23 20:50:02,67.667,12.6934,38.07,81,100,24.92
556,Gimli,CA,2022-03-23 20:50:03,50.6336,-96.9907,32.02,80,13,10.36
557,Fuerte Olimpo,PY,2022-03-23 20:50:03,-21.0415,-57.8738,95.2,36,76,9.71
558,Bandarbeyla,SO,2022-03-23 20:50:04,9.4942,50.8122,76.75,80,20,2.98
559,Batagay-Alyta,RU,2022-03-23 20:50:04,67.8006,130.4114,-24.72,82,37,5.26
560,Anadyr,RU,2022-03-23 20:50:05,64.75,177.4833,7.3,85,100,0.0
561,Palmer,US,2022-03-23 20:46:05,42.1584,-72.3287,49.86,29,75,4.61
562,Egvekinot,RU,2022-03-23 20:50:06,66.3167,-179.1667,10.35,75,78,1.86
563,Peniche,PT,2022-03-23 20:50:06,39.3558,-9.3811,56.28,83,75,21.81
564,Yeniseysk,RU,2022-03-23 20:50:06,58.4497,92.1703,17.98,97,100,2.66
565,Bardiyah,LY,2022-03-23 20:50:07,31.7561,25.0865,53.4,62,7,18.84
566,Gribanovskiy,RU,2022-03-23 20:50:07,51.4579,41.9764,31.68,90,100,4.56
567,Poum,NC,2022-03-23 20:50:08,-20.2333,164.0167,79.14,77,81,5.7
568,Aksay,RU,2022-03-23 20:50:08,47.26,39.87,43.25,37,0,8.99
569,Berdigestyakh,RU,2022-03-23 20:50:09,62.0989,126.6992,1.58,99,97,3.56
570,Balikpapan,ID,2022-03-23 20:50:12,-1.2675,116.8289,76.19,100,20,4.61
571,Pimentel,PE,2022-03-23 20:50:13,-6.8367,-79.9342,80.89,50,0,17.27
572,Lompoc,US,2022-03-23 20:46:34,34.6391,-120.4579,77.85,63,0,14.97
573,Mawlaik,MM,2022-03-23 20:50:13,23.6333,94.4167,67.73,98,15,2.26
574,Mindelo,CV,2022-03-23 20:50:14,16.8901,-24.9804,69.35,60,20,36.82
575,Praia Da Vitoria,PT,2022-03-23 20:50:14,38.7333,-27.0667,61.05,82,75,2.01
576,Mizdah,LY,2022-03-23 20:50:15,31.4451,12.9801,50.77,40,54,11.83
577,Setermoen,NO,2022-03-23 20:50:15,68.861,18.3486,37.44,93,100,1.01
578,Gravdal,NO,2022-03-23 20:50:16,68.1214,13.5031,36.99,72,86,24.52
579,Porosozero,RU,2022-03-23 20:50:16,62.7191,32.727,29.97,91,82,8.21
580,Santa Fe,AR,2022-03-23 20:47:22,-31.6333,-60.7,77.02,83,94,4.0
581,Potosi,BO,2022-03-23 20:50:17,-19.5836,-65.7531,61.74,30,74,11.77
582,Hualmay,PE,2022-03-23 20:50:17,-11.0964,-77.6139,73.53,75,40,11.05
583,Nelson Bay,AU,2022-03-23 20:50:18,-32.7167,152.15,68.0,93,100,1.01
584,Banka,IN,2022-03-23 20:50:18,24.8833,86.9167,77.05,10,8,5.26
585,Tongliao,CN,2022-03-23 20:50:19,43.6125,122.2653,32.02,49,0,5.48
586,Pochutla,MX,2022-03-23 20:50:19,15.7432,-96.4661,86.83,43,13,9.1
587,Oyama,JP,2022-03-23 20:50:20,36.3,139.8,42.58,72,81,4.74
588,Inhambane,MZ,2022-03-23 20:50:20,-23.865,35.3833,73.71,87,0,5.28
589,Medina Del Campo,ES,2022-03-23 20:50:21,41.3124,-4.9141,51.76,73,92,10.65
590,Flin Flon,CA,2022-03-23 20:50:21,54.7682,-101.865,38.5,94,100,9.75
